Neptunkód;Hiányzó feladatok száma;Kész feladatok száma;Határidőre kész feladat;Pontszám;W1;W2;W3;W4;W5;W6;W7;W8;W9;W10;W11;W12
L4Y0MA;10;2;2;3;1,5;1,5;NaN;NaN;NaN;NaN;NaN;NaN;NaN;NaN;NaN;NaN;
Q5OVNN;10;2;2;3;1,5;1,5;NaN;NaN;NaN;NaN;NaN;NaN;NaN;NaN;NaN;NaN;
CK0H87;10;2;2;3;1,5;1,5;-2;NaN;NaN;NaN;NaN;NaN;NaN;NaN;NaN;NaN;
CE3DIL;11;1;1;1,5;1,5;NaN;NaN;NaN;NaN;NaN;NaN;NaN;NaN;NaN;NaN;NaN;
GDH7WF;10;2;2;3;1,5;1,5;NaN;NaN;NaN;NaN;NaN;NaN;NaN;NaN;NaN;NaN;
A6YJ6V;10;2;2;3;1,5;1,5;NaN;NaN;NaN;NaN;NaN;NaN;NaN;NaN;NaN;NaN;
CBPXM3;11;1;1;1,5;1,5;-2;NaN;NaN;NaN;NaN;NaN;NaN;NaN;NaN;NaN;NaN;
AIOOD1;9;3;3;4,5;1,5;1,5;1,5;NaN;NaN;NaN;NaN;NaN;NaN;NaN;NaN;NaN;
PCC0RM;11;1;1;1,5;1,5;NaN;NaN;NaN;NaN;NaN;NaN;NaN;NaN;NaN;NaN;NaN;
KWHNT0;10;2;2;3;1,5;1,5;NaN;NaN;NaN;NaN;NaN;NaN;NaN;NaN;NaN;NaN;
JQB372;10;2;2;3;1,5;1,5;NaN;NaN;NaN;NaN;NaN;NaN;NaN;NaN;NaN;NaN;
CD1OE7;11;1;1;1,5;1,5;NaN;NaN;NaN;NaN;NaN;NaN;NaN;NaN;NaN;NaN;NaN;
BFL0NV;11;1;1;1,5;1,5;NaN;NaN;NaN;NaN;NaN;NaN;NaN;NaN;NaN;NaN;NaN;
G3Y2TA;10;2;2;3;1,5;1,5;NaN;NaN;NaN;NaN;NaN;NaN;NaN;NaN;NaN;NaN;
LZFS7H;11;1;1;1,5;1,5;NaN;NaN;NaN;NaN;NaN;NaN;NaN;NaN;NaN;NaN;NaN;
XMOZ9T;11;1;1;1,5;1,5;NaN;NaN;NaN;NaN;NaN;NaN;NaN;NaN;NaN;NaN;NaN;
G2TMEQ;10;2;2;3;1,5;1,5;NaN;NaN;NaN;NaN;NaN;NaN;NaN;NaN;NaN;NaN;
IZBZI5;10;2;2;3;1,5;1,5;NaN;NaN;NaN;NaN;NaN;NaN;NaN;NaN;NaN;NaN;
G39U1B;11;1;1;1,5;1,5;NaN;NaN;NaN;NaN;NaN;NaN;NaN;NaN;NaN;NaN;NaN;
FJCAGZ;12;0;0;0;-3;-3;-3;-3;-3;-3;-3;-3;-3;-3;-3;-3;
CRFLYO;12;0;0;0;-2;NaN;NaN;NaN;NaN;NaN;NaN;NaN;NaN;NaN;NaN;NaN;
ZLIGFG;10;2;2;3;1,5;1,5;NaN;NaN;NaN;NaN;NaN;NaN;NaN;NaN;NaN;NaN;
Q59R7A;12;0;0;0;-3;-3;-3;-3;-3;-3;-3;-3;-3;-3;-3;-3;
T7OWJ7;12;0;0;0;-2;NaN;NaN;NaN;NaN;NaN;NaN;NaN;NaN;NaN;NaN;NaN;
ASUZZ9;12;0;0;0;-3;-3;-3;-3;-3;-3;-3;-3;-3;-3;-3;-3;
VYXMK4;11;1;1;1,5;1,5;NaN;NaN;NaN;NaN;NaN;NaN;NaN;NaN;NaN;NaN;NaN;
A5KYH8;10;2;2;3;1,5;1,5;NaN;NaN;NaN;NaN;NaN;NaN;NaN;NaN;NaN;NaN;
FZLXY3;11;1;1;1,5;1,5;-2;NaN;NaN;NaN;NaN;NaN;NaN;NaN;NaN;NaN;NaN;
MDRWRJ;10;2;2;3;1,5;1,5;NaN;NaN;NaN;NaN;NaN;NaN;NaN;NaN;NaN;NaN;
HHLHSC;11;1;1;1,5;1,5;NaN;NaN;NaN;NaN;NaN;NaN;NaN;NaN;NaN;NaN;NaN;
WKWNWO;8;4;4;6;1,5;1,5;1,5;1,5;NaN;NaN;NaN;NaN;NaN;NaN;NaN;NaN;
YBTV79;12;0;0;0;-2;-2;NaN;NaN;NaN;NaN;NaN;NaN;NaN;NaN;NaN;NaN;
JQLMIG;10;2;2;3;1,5;1,5;NaN;NaN;NaN;NaN;NaN;NaN;NaN;NaN;NaN;NaN;
ZCNX55;10;2;2;3;1,5;1,5;NaN;NaN;NaN;NaN;NaN;NaN;NaN;NaN;NaN;NaN;
FHJPGE;10;2;2;3;1,5;1,5;-2;NaN;NaN;NaN;NaN;NaN;NaN;NaN;NaN;NaN;
CXX9FI;10;2;2;3;1,5;1,5;NaN;NaN;NaN;NaN;NaN;NaN;NaN;NaN;NaN;NaN;
G1HB17;10;2;2;3;1,5;1,5;NaN;NaN;NaN;NaN;NaN;NaN;NaN;NaN;NaN;NaN;
ERKEMR;12;0;0;0;-3;-3;-3;-3;-3;-3;-3;-3;-3;-3;-3;-3;
B64DIC;11;1;1;1,5;1,5;NaN;NaN;NaN;NaN;NaN;NaN;NaN;NaN;NaN;NaN;NaN;
VZBLVT;11;1;1;1,5;1,5;NaN;NaN;NaN;NaN;NaN;NaN;NaN;NaN;NaN;NaN;NaN;
ZCA2VH;10;2;2;3;1,5;1,5;NaN;NaN;NaN;NaN;NaN;NaN;NaN;NaN;NaN;NaN;
HCSHI3;10;2;2;3;1,5;1,5;NaN;NaN;NaN;NaN;NaN;NaN;NaN;NaN;NaN;NaN;
O70MLD;10;2;2;3;1,5;1,5;NaN;NaN;NaN;NaN;NaN;NaN;NaN;NaN;NaN;NaN;
C5OYBB;12;0;0;0;-2;-2;-2;-2;-2;-2;-2;-2;-2;-2;-2;-2;
JNBLRW;11;1;1;1,5;1,5;NaN;NaN;NaN;NaN;NaN;NaN;NaN;NaN;NaN;NaN;NaN;
N1EOCX;10;2;2;3;1,5;1,5;NaN;NaN;NaN;NaN;NaN;NaN;NaN;NaN;NaN;NaN;
N5X9Q1;10;2;2;3;1,5;1,5;NaN;NaN;NaN;NaN;NaN;NaN;NaN;NaN;NaN;NaN;
EAYIZC;11;1;1;1,5;1,5;-2;NaN;NaN;NaN;NaN;NaN;NaN;NaN;NaN;NaN;NaN;
BA1YP5;10;2;2;3;1,5;1,5;NaN;NaN;NaN;NaN;NaN;NaN;NaN;NaN;NaN;NaN;
DMZBES;10;2;2;3;1,5;1,5;NaN;NaN;NaN;NaN;NaN;NaN;NaN;NaN;NaN;NaN;
W1C3JT;11;1;1;1,5;1,5;NaN;NaN;NaN;NaN;NaN;NaN;NaN;NaN;NaN;NaN;NaN;
S9PVK8;10;2;2;3;1,5;1,5;NaN;NaN;NaN;NaN;NaN;NaN;NaN;NaN;NaN;NaN;
C8GJJW;10;2;2;3;1,5;1,5;NaN;NaN;NaN;NaN;NaN;NaN;NaN;NaN;NaN;NaN;
BI4UB8;11;1;1;1,5;1,5;NaN;NaN;NaN;NaN;NaN;NaN;NaN;NaN;NaN;NaN;NaN;
BH02OW;12;0;0;0;-3;-3;-3;-3;-3;-3;-3;-3;-3;-3;-3;-3;
UCCG17;12;0;0;0;-3;-3;-3;-3;-3;-3;-3;-3;-3;-3;-3;-3;
BBCS8N;10;2;2;3;1,5;1,5;-2;NaN;NaN;NaN;NaN;NaN;NaN;NaN;NaN;NaN;
ZRK0BY;9;3;3;4,5;1,5;1,5;1,5;NaN;NaN;NaN;NaN;NaN;NaN;NaN;NaN;NaN;
E4IYBD;10;2;2;3;1,5;1,5;NaN;NaN;NaN;NaN;NaN;NaN;NaN;NaN;NaN;NaN;
JNOUCS;10;2;2;3;1,5;1,5;-2;NaN;NaN;NaN;NaN;NaN;NaN;NaN;NaN;NaN;
U2JMUN;11;1;1;1,5;1,5;NaN;NaN;NaN;NaN;NaN;NaN;NaN;NaN;NaN;NaN;NaN;
X9WVIZ;10;2;2;3;1,5;1,5;NaN;NaN;NaN;NaN;NaN;NaN;NaN;NaN;NaN;NaN;
Z4VH95;12;0;0;0;-2;-2;-2;-2;-2;-2;-2;-2;-2;-2;-2;-2;
HIT72H;10;2;2;3;1,5;1,5;NaN;NaN;NaN;NaN;NaN;NaN;NaN;NaN;NaN;NaN;
NRQJBD;10;2;2;3;1,5;1,5;NaN;NaN;NaN;NaN;NaN;NaN;NaN;NaN;NaN;NaN;
AZEA65;10;2;2;3;1,5;1,5;NaN;NaN;NaN;NaN;NaN;NaN;NaN;NaN;NaN;NaN;
HFKZLJ;10;2;2;3;1,5;1,5;NaN;NaN;NaN;NaN;NaN;NaN;NaN;NaN;NaN;NaN;
BDRQ1E;11;1;1;1,5;1,5;-2;NaN;NaN;NaN;NaN;NaN;NaN;NaN;NaN;NaN;NaN;
DZTJQ5;10;2;2;3;1,5;1,5;NaN;NaN;NaN;NaN;NaN;NaN;NaN;NaN;NaN;NaN;
SVIAUP;10;2;2;3;1,5;1,5;NaN;NaN;NaN;NaN;NaN;NaN;NaN;NaN;NaN;NaN;
JERGDT;10;2;2;3;1,5;1,5;NaN;NaN;NaN;NaN;NaN;NaN;NaN;NaN;NaN;NaN;
DNQUWN;12;0;0;0;-3;-3;-3;-3;-3;-3;-3;-3;-3;-3;-3;-3;
TAN9FC;10;2;2;3;1,5;1,5;NaN;NaN;NaN;NaN;NaN;NaN;NaN;NaN;NaN;NaN;
AHPFVO;10;2;2;3;1,5;1,5;NaN;NaN;NaN;NaN;NaN;NaN;NaN;NaN;NaN;NaN;
L986E7;11;1;1;1,5;1,5;NaN;NaN;NaN;NaN;NaN;NaN;NaN;NaN;NaN;NaN;NaN;
JMNC1Q;6;6;6;9;1,5;1,5;1,5;1,5;1,5;1,5;NaN;NaN;NaN;NaN;NaN;NaN;
ITUD9F;11;1;1;1,5;1,5;-2;-2;-2;-2;-2;-2;-2;-2;-2;-2;-2;
R25TTN;10;2;2;3;1,5;1,5;NaN;NaN;NaN;NaN;NaN;NaN;NaN;NaN;NaN;NaN;
OU17SL;11;1;1;1,5;1,5;NaN;NaN;NaN;NaN;NaN;NaN;NaN;NaN;NaN;NaN;NaN;
IPPXXU;11;1;0;0;0;NaN;NaN;NaN;NaN;NaN;NaN;NaN;NaN;NaN;NaN;NaN;
FM9WYI;11;1;1;1,5;1,5;NaN;NaN;NaN;NaN;NaN;NaN;NaN;NaN;NaN;NaN;NaN;
BCOFVM;12;0;0;0;NaN;NaN;NaN;NaN;NaN;NaN;NaN;NaN;NaN;NaN;NaN;NaN;
IIOBDN;12;0;0;0;-3;-3;-3;-3;-3;-3;-3;-3;-3;-3;-3;-3;
BYRWCE;1;11;11;16,5;1,5;1,5;1,5;1,5;1,5;1,5;1,5;1,5;1,5;1,5;1,5;NaN;
NEIYMJ;11;1;1;1,5;1,5;-2;NaN;NaN;NaN;NaN;NaN;NaN;NaN;NaN;NaN;NaN;
F0EH27;10;2;2;3;1,5;1,5;NaN;NaN;NaN;NaN;NaN;NaN;NaN;NaN;NaN;NaN;
AJ7L82;12;0;0;0;-3;-3;-3;-3;-3;-3;-3;-3;-3;-3;-3;-3;
MXN4JJ;12;0;0;0;-3;-3;-3;-3;-3;-3;-3;-3;-3;-3;-3;-3;
CBK7GN;9;3;3;4,5;1,5;1,5;1,5;NaN;NaN;NaN;NaN;NaN;NaN;NaN;NaN;NaN;
TBD0Y8;10;2;2;3;1,5;1,5;NaN;NaN;NaN;NaN;NaN;NaN;NaN;NaN;NaN;NaN;
UG60YW;12;0;0;0;-2;NaN;NaN;NaN;NaN;NaN;NaN;NaN;NaN;NaN;NaN;NaN;
GLK6K3;10;2;2;3;1,5;1,5;NaN;NaN;NaN;NaN;NaN;NaN;NaN;NaN;NaN;NaN;
ZFDTIK;11;1;1;1,5;1,5;NaN;NaN;NaN;NaN;NaN;NaN;NaN;NaN;NaN;NaN;NaN;
KATI6W;10;2;2;3;1,5;1,5;NaN;NaN;NaN;NaN;NaN;NaN;NaN;NaN;NaN;NaN;
U17SVH;11;1;1;1,5;1,5;NaN;NaN;NaN;NaN;NaN;NaN;NaN;NaN;NaN;NaN;NaN;
C1BF8B;11;1;1;1,5;1,5;NaN;NaN;NaN;NaN;NaN;NaN;NaN;NaN;NaN;NaN;NaN;
VK2BZ1;10;2;2;3;1,5;1,5;NaN;NaN;NaN;NaN;NaN;NaN;NaN;NaN;NaN;NaN;
P4HHL9;11;1;1;1,5;1,5;NaN;NaN;NaN;NaN;NaN;NaN;NaN;NaN;NaN;NaN;NaN;
WONGT5;12;0;0;0;-3;-3;-3;-3;-3;-3;-3;-3;-3;-3;-3;-3;
XSK2AE;12;0;0;0;-3;-3;-3;-3;-3;-3;-3;-3;-3;-3;-3;-3;
EAJRT0;12;0;0;0;-3;-3;-3;-3;-3;-3;-3;-3;-3;-3;-3;-3;
AT2FK3;11;1;1;1,5;1,5;NaN;NaN;NaN;NaN;NaN;NaN;NaN;NaN;NaN;NaN;NaN;
V98ZO3;11;1;1;1,5;1,5;NaN;NaN;NaN;NaN;NaN;NaN;NaN;NaN;NaN;NaN;NaN;
EEZNI6;11;1;0;0;0;-2;NaN;NaN;NaN;NaN;NaN;NaN;NaN;NaN;NaN;NaN;
NYYIJ6;10;2;2;3;1,5;1,5;NaN;NaN;NaN;NaN;NaN;NaN;NaN;NaN;NaN;NaN;
ZL3WU9;10;2;2;3;1,5;1,5;NaN;NaN;NaN;NaN;NaN;NaN;NaN;NaN;NaN;NaN;
EB9BRU;10;2;2;3;1,5;1,5;NaN;NaN;NaN;NaN;NaN;NaN;NaN;NaN;NaN;NaN;
BFEJNW;12;0;0;0;NaN;NaN;NaN;NaN;NaN;NaN;NaN;NaN;NaN;NaN;NaN;NaN;
X7F8X2;9;3;3;4,5;1,5;1,5;1,5;NaN;NaN;NaN;NaN;NaN;NaN;NaN;NaN;NaN;
A6U8UU;11;1;1;1,5;1,5;NaN;NaN;NaN;NaN;NaN;NaN;NaN;NaN;NaN;NaN;NaN;
UJHAS2;12;0;0;0;NaN;NaN;NaN;NaN;NaN;NaN;NaN;NaN;NaN;NaN;NaN;NaN;
X1V9YI;10;2;2;3;1,5;1,5;NaN;NaN;NaN;NaN;NaN;NaN;NaN;NaN;NaN;NaN;
A2SFQN;11;1;1;1,5;1,5;NaN;NaN;NaN;NaN;NaN;NaN;NaN;NaN;NaN;NaN;NaN;
JP5ZBV;12;0;0;0;-3;-3;-3;-3;-3;-3;-3;-3;-3;-3;-3;-3;
HVBX3Z;12;0;0;0;-2;-2;-2;-2;-2;-2;-2;-2;-2;-2;-2;-2;
DQ0RKE;10;2;2;3;1,5;1,5;NaN;NaN;NaN;NaN;NaN;NaN;NaN;NaN;NaN;NaN;
JBZ139;10;2;2;3;1,5;1,5;NaN;NaN;NaN;NaN;NaN;NaN;NaN;NaN;NaN;NaN;
AMPMNC;10;2;2;3;1,5;1,5;NaN;NaN;NaN;NaN;NaN;NaN;NaN;NaN;NaN;NaN;
JHQK67;11;1;1;1,5;1,5;NaN;NaN;NaN;NaN;NaN;NaN;NaN;NaN;NaN;NaN;NaN;
FP6GUV;12;0;0;0;-3;-3;-3;-3;-3;-3;-3;-3;-3;-3;-3;-3;
CEFX0T;11;1;1;1,5;1,5;NaN;NaN;NaN;NaN;NaN;NaN;NaN;NaN;NaN;NaN;NaN;
ISCKHB;11;1;1;1,5;1,5;-2;NaN;NaN;NaN;NaN;NaN;NaN;NaN;NaN;NaN;NaN;
DNQCLH;10;2;2;3;1,5;1,5;NaN;NaN;NaN;NaN;NaN;NaN;NaN;NaN;NaN;NaN;
ZHFTKB;11;1;1;1,5;1,5;-2;NaN;NaN;NaN;NaN;NaN;NaN;NaN;NaN;NaN;NaN;
STSQ5G;0;12;12;18;1,5;1,5;1,5;1,5;1,5;1,5;1,5;1,5;1,5;1,5;1,5;1,5;
XK0OQB;10;2;2;3;1,5;1,5;NaN;NaN;NaN;NaN;NaN;NaN;NaN;NaN;NaN;NaN;
FWRBQQ;9;3;3;4,5;1,5;1,5;1,5;NaN;NaN;NaN;NaN;NaN;NaN;NaN;NaN;NaN;
IGNJW5;10;2;2;3;1,5;1,5;NaN;NaN;NaN;NaN;NaN;NaN;NaN;NaN;NaN;NaN;
P70QKA;12;0;0;0;NaN;NaN;NaN;NaN;NaN;NaN;NaN;NaN;NaN;NaN;NaN;NaN;
IDOGNE;10;2;2;3;1,5;1,5;NaN;NaN;NaN;NaN;NaN;NaN;NaN;NaN;NaN;NaN;
BLD370;12;0;0;0;NaN;NaN;NaN;NaN;NaN;NaN;NaN;NaN;NaN;NaN;NaN;NaN;
C6JH7G;9;3;3;4,5;1,5;1,5;1,5;NaN;NaN;NaN;NaN;NaN;NaN;NaN;NaN;NaN;
I4ZFA8;11;1;1;1,5;1,5;-2;NaN;NaN;NaN;NaN;NaN;NaN;NaN;NaN;NaN;NaN;
DE016A;11;1;1;1,5;1,5;NaN;NaN;NaN;NaN;NaN;NaN;NaN;NaN;NaN;NaN;NaN;
H3A3SZ;12;0;0;0;NaN;NaN;NaN;NaN;NaN;NaN;NaN;NaN;NaN;NaN;NaN;NaN;
R479AR;11;1;1;1,5;1,5;NaN;NaN;NaN;NaN;NaN;NaN;NaN;NaN;NaN;NaN;NaN;
GMASFS;11;1;1;1,5;1,5;NaN;NaN;NaN;NaN;NaN;NaN;NaN;NaN;NaN;NaN;NaN;
VAJCCN;10;2;2;3;1,5;1,5;NaN;NaN;NaN;NaN;NaN;NaN;NaN;NaN;NaN;NaN;
D4IPLF;11;1;1;1,5;1,5;NaN;NaN;NaN;NaN;NaN;NaN;NaN;NaN;NaN;NaN;NaN;
QJZNVF;10;2;2;3;1,5;1,5;-2;NaN;NaN;NaN;NaN;NaN;NaN;NaN;NaN;NaN;
NTI4VD;9;3;3;4,5;1,5;1,5;1,5;NaN;NaN;NaN;NaN;NaN;NaN;NaN;NaN;NaN;
DTFZCU;11;1;1;1,5;1,5;-2;NaN;NaN;NaN;NaN;NaN;NaN;NaN;NaN;NaN;NaN;
IVEJRG;12;0;0;0;-3;-3;-3;-3;-3;-3;-3;-3;-3;-3;-3;-3;
Y2T1N0;10;2;2;3;1,5;1,5;NaN;NaN;NaN;NaN;NaN;NaN;NaN;NaN;NaN;NaN;
SXLTG1;11;1;1;1,5;1,5;NaN;NaN;NaN;NaN;NaN;NaN;NaN;NaN;NaN;NaN;NaN;
IR1PSA;10;2;2;3;1,5;1,5;NaN;NaN;NaN;NaN;NaN;NaN;NaN;NaN;NaN;NaN;
UXI8GU;11;1;1;1,5;1,5;NaN;NaN;NaN;NaN;NaN;NaN;NaN;NaN;NaN;NaN;NaN;
E14GO0;10;2;2;3;1,5;1,5;-2;NaN;NaN;NaN;NaN;NaN;NaN;NaN;NaN;NaN;
E569EW;12;0;0;0;-3;-3;-3;-3;-3;-3;-3;-3;-3;-3;-3;-3;
CLSLZ9;12;0;0;0;NaN;NaN;NaN;NaN;NaN;NaN;NaN;NaN;NaN;NaN;NaN;NaN;
G0379D;9;3;3;4,5;1,5;1,5;1,5;NaN;NaN;NaN;NaN;NaN;NaN;NaN;NaN;NaN;
COH5YV;10;2;2;3;1,5;1,5;NaN;NaN;NaN;NaN;NaN;NaN;NaN;NaN;NaN;NaN;
AI6232;10;2;2;3;1,5;1,5;NaN;NaN;NaN;NaN;NaN;NaN;NaN;NaN;NaN;NaN;
AH4IHS;10;2;2;3;1,5;1,5;NaN;NaN;NaN;NaN;NaN;NaN;NaN;NaN;NaN;NaN;
HV6MUO;9;3;3;4,5;1,5;1,5;1,5;NaN;NaN;NaN;NaN;NaN;NaN;NaN;NaN;NaN;
GE1DCM;10;2;2;3;1,5;1,5;-2;-2;-2;-2;-2;NaN;-2;-2;-2;-2;
ZM7BBT;7;5;5;7,5;1,5;1,5;1,5;1,5;1,5;NaN;NaN;NaN;NaN;NaN;NaN;NaN;
H9XGMN;10;2;2;3;1,5;1,5;NaN;NaN;NaN;NaN;NaN;NaN;NaN;NaN;NaN;NaN;
UN6SKD;10;2;2;3;1,5;1,5;NaN;NaN;NaN;NaN;NaN;NaN;NaN;NaN;NaN;NaN;
HBSTF1;10;2;2;3;1,5;1,5;NaN;NaN;NaN;NaN;NaN;NaN;NaN;NaN;NaN;NaN;
G52KXJ;10;2;2;3;1,5;1,5;NaN;NaN;NaN;NaN;NaN;NaN;NaN;NaN;NaN;NaN;
BOCC46;10;2;2;3;1,5;1,5;NaN;NaN;NaN;NaN;NaN;NaN;NaN;NaN;NaN;NaN;
Y4HUEU;11;1;1;1,5;1,5;-2;NaN;NaN;NaN;NaN;NaN;NaN;NaN;NaN;NaN;NaN;
J7909U;10;2;2;3;1,5;1,5;NaN;NaN;NaN;NaN;NaN;NaN;NaN;NaN;NaN;NaN;
G1PEKQ;12;0;0;0;-3;-3;-3;-3;-3;-3;-3;-3;-3;-3;-3;-3;
CH42RA;10;2;2;3;1,5;1,5;NaN;NaN;NaN;NaN;NaN;NaN;NaN;NaN;NaN;NaN;
JQONV9;11;1;1;1,5;1,5;NaN;NaN;NaN;NaN;NaN;NaN;NaN;NaN;NaN;NaN;NaN;
WIFSTB;10;2;2;3;1,5;1,5;NaN;NaN;NaN;NaN;NaN;NaN;NaN;NaN;NaN;NaN;
GA4NUV;11;1;1;1,5;1,5;NaN;NaN;NaN;NaN;NaN;NaN;NaN;NaN;NaN;NaN;NaN;
O04944;12;0;0;0;-3;-3;-3;-3;-3;-3;-3;-3;-3;-3;-3;-3;
L4BDSH;10;2;2;3;1,5;1,5;NaN;NaN;NaN;NaN;NaN;NaN;NaN;NaN;NaN;NaN;
LPCO6A;11;1;1;1,5;1,5;NaN;NaN;NaN;NaN;NaN;NaN;NaN;NaN;NaN;NaN;NaN;
MSGDUQ;10;2;2;3;1,5;1,5;NaN;NaN;NaN;NaN;NaN;NaN;NaN;NaN;NaN;NaN;
Z3C8RB;11;1;1;1,5;1,5;NaN;NaN;NaN;NaN;NaN;NaN;NaN;NaN;NaN;NaN;NaN;
BDYZMC;11;1;1;1,5;1,5;NaN;NaN;NaN;NaN;NaN;NaN;NaN;NaN;NaN;NaN;NaN;
DFF4JX;12;0;0;0;NaN;NaN;NaN;NaN;NaN;NaN;NaN;NaN;NaN;NaN;NaN;NaN;
EKE0YC;10;2;2;3;1,5;1,5;-2;NaN;NaN;NaN;NaN;NaN;NaN;NaN;NaN;NaN;
GEN1IM;0;12;12;18;1,5;1,5;1,5;1,5;1,5;1,5;1,5;1,5;1,5;1,5;1,5;1,5;
RJ9DRB;11;1;1;1,5;1,5;NaN;NaN;NaN;NaN;NaN;NaN;NaN;NaN;NaN;NaN;NaN;
FT68LN;10;2;2;3;1,5;1,5;NaN;NaN;NaN;NaN;NaN;NaN;NaN;NaN;NaN;NaN;
V5B6IS;10;2;2;3;1,5;1,5;NaN;NaN;NaN;NaN;NaN;NaN;NaN;NaN;NaN;NaN;
E8K26O;10;2;2;3;1,5;1,5;NaN;NaN;NaN;NaN;NaN;NaN;NaN;NaN;NaN;NaN;
CDLFBQ;11;1;1;1,5;1,5;NaN;NaN;NaN;NaN;NaN;NaN;NaN;NaN;NaN;NaN;NaN;
J9BGND;11;1;1;1,5;1,5;NaN;NaN;NaN;NaN;NaN;NaN;NaN;NaN;NaN;NaN;NaN;
TTU71D;11;1;1;1,5;1,5;NaN;NaN;NaN;NaN;NaN;NaN;NaN;NaN;NaN;NaN;NaN;
Y1ZCHB;10;2;2;3;1,5;1,5;NaN;NaN;NaN;NaN;NaN;NaN;NaN;NaN;NaN;NaN;
GSAQIQ;11;1;1;1,5;1,5;NaN;NaN;NaN;NaN;NaN;NaN;NaN;NaN;NaN;NaN;NaN;
XD39JE;12;0;0;0;-3;-3;-3;-3;-3;-3;-3;-3;-3;-3;-3;-3;
I9TSR1;9;3;3;4,5;1,5;1,5;1,5;NaN;NaN;NaN;NaN;NaN;NaN;NaN;NaN;NaN;
H4KBIS;10;2;2;3;1,5;1,5;NaN;NaN;NaN;NaN;NaN;NaN;NaN;NaN;NaN;NaN;
QZ6PWK;10;2;2;3;1,5;1,5;NaN;NaN;NaN;NaN;NaN;NaN;NaN;NaN;NaN;NaN;
TMITG7;10;2;2;3;1,5;1,5;NaN;NaN;NaN;NaN;NaN;NaN;NaN;NaN;NaN;NaN;
TS4UZ8;10;2;2;3;1,5;1,5;NaN;NaN;NaN;NaN;NaN;NaN;NaN;NaN;NaN;NaN;
H4BD5G;2;10;10;15;1,5;1,5;1,5;1,5;1,5;1,5;1,5;1,5;1,5;1,5;NaN;NaN;
NBKFN1;9;3;3;4,5;1,5;1,5;1,5;NaN;NaN;NaN;NaN;NaN;NaN;NaN;NaN;NaN;
QXPVM9;10;2;2;3;1,5;1,5;-2;NaN;NaN;NaN;NaN;NaN;NaN;NaN;NaN;NaN;
N6HQVW;10;2;2;3;1,5;1,5;NaN;NaN;NaN;NaN;NaN;NaN;NaN;NaN;NaN;NaN;
WOXAQ9;10;2;2;3;1,5;1,5;NaN;NaN;NaN;NaN;NaN;NaN;NaN;NaN;NaN;NaN;
ACMW6D;10;2;2;3;1,5;1,5;NaN;NaN;NaN;NaN;NaN;NaN;NaN;NaN;NaN;NaN;
EI429P;10;2;2;3;1,5;1,5;NaN;NaN;NaN;NaN;NaN;NaN;NaN;NaN;NaN;NaN;
SZQ2D6;10;2;2;3;1,5;1,5;NaN;NaN;NaN;NaN;NaN;NaN;NaN;NaN;NaN;NaN;
DBLU10;10;2;2;3;1,5;1,5;NaN;NaN;NaN;NaN;NaN;NaN;NaN;NaN;NaN;NaN;
L8FUJL;12;0;0;0;-3;-3;-3;-3;-3;-3;-3;-3;-3;-3;-3;-3;
FJ7H76;10;2;2;3;1,5;1,5;NaN;NaN;NaN;NaN;NaN;NaN;NaN;NaN;NaN;NaN;
ST2X0T;10;2;2;3;1,5;1,5;NaN;NaN;NaN;NaN;NaN;NaN;NaN;NaN;NaN;NaN;
IQXPM7;11;1;1;1,5;1,5;NaN;NaN;NaN;NaN;NaN;NaN;NaN;NaN;NaN;NaN;NaN;
L1Z1RJ;12;0;0;0;-2;NaN;NaN;NaN;NaN;NaN;NaN;NaN;NaN;NaN;NaN;NaN;
D638IO;11;1;1;1,5;1,5;NaN;NaN;NaN;NaN;NaN;NaN;NaN;NaN;NaN;NaN;NaN;
BL74ZG;11;1;1;1,5;1,5;NaN;NaN;NaN;NaN;NaN;NaN;NaN;NaN;NaN;NaN;NaN;
YAKXWG;12;0;0;0;-2;-2;-2;-2;-2;-2;-2;-2;-2;-2;-2;-2;
LGYHXA;11;1;1;1,5;1,5;NaN;NaN;NaN;NaN;NaN;NaN;NaN;NaN;NaN;NaN;NaN;
M1YGP6;12;0;0;0;-3;-3;-3;-3;-3;-3;-3;-3;-3;-3;-3;-3;
Q9EOVA;10;2;2;3;1,5;1,5;-2;NaN;NaN;NaN;NaN;NaN;NaN;NaN;NaN;NaN;
O7AFAT;10;2;2;3;1,5;1,5;NaN;NaN;NaN;NaN;NaN;NaN;NaN;NaN;NaN;NaN;
LP9M4L;11;1;1;1,5;1,5;-2;NaN;NaN;NaN;NaN;NaN;NaN;NaN;NaN;NaN;NaN;
KYKGRS;10;2;2;3;1,5;1,5;NaN;NaN;NaN;NaN;NaN;NaN;NaN;NaN;NaN;NaN;
NPYOQ3;11;1;1;1,5;1,5;NaN;NaN;NaN;NaN;NaN;NaN;NaN;NaN;NaN;NaN;NaN;
PJYJHW;10;2;2;3;1,5;1,5;NaN;NaN;NaN;NaN;NaN;NaN;NaN;NaN;NaN;NaN;
BWFPKU;10;2;2;3;1,5;1,5;NaN;NaN;NaN;NaN;NaN;NaN;NaN;NaN;NaN;NaN;
HPIUWO;9;3;2;3;0;1,5;1,5;NaN;NaN;NaN;NaN;NaN;NaN;NaN;NaN;NaN;
MJ8GZH;11;1;1;1,5;1,5;NaN;NaN;NaN;NaN;NaN;NaN;NaN;NaN;NaN;NaN;NaN;
BVRNL8;12;0;0;0;-3;-3;-3;-3;-3;-3;-3;-3;-3;-3;-3;-3;
WBIOKJ;12;0;0;0;-2;NaN;NaN;NaN;NaN;NaN;NaN;NaN;NaN;NaN;NaN;NaN;
CYKEEE;11;1;1;1,5;1,5;NaN;NaN;NaN;NaN;NaN;NaN;NaN;NaN;NaN;NaN;NaN;
ED439S;11;1;1;1,5;1,5;NaN;NaN;NaN;NaN;NaN;NaN;NaN;NaN;NaN;NaN;NaN;
FI67RB;10;2;2;3;1,5;1,5;-2;-2;-2;-2;-2;NaN;-2;-2;-2;-2;
JPUXTL;10;2;2;3;1,5;1,5;NaN;NaN;NaN;NaN;NaN;NaN;NaN;NaN;NaN;NaN;
OIHPLA;11;1;1;1,5;1,5;-2;NaN;NaN;NaN;NaN;NaN;NaN;NaN;NaN;NaN;NaN;
FXE1SZ;11;1;1;1,5;1,5;-2;-2;-2;-2;-2;-2;-2;-2;-2;-2;-2;
GRBN49;6;6;6;9;1,5;1,5;1,5;1,5;1,5;1,5;NaN;NaN;NaN;NaN;NaN;NaN;
F3JABA;10;2;2;3;1,5;1,5;NaN;NaN;NaN;NaN;NaN;NaN;NaN;NaN;NaN;NaN;
LQ919H;10;2;2;3;1,5;1,5;NaN;NaN;NaN;NaN;NaN;NaN;NaN;NaN;NaN;NaN;
JGYAZG;10;2;2;3;1,5;1,5;NaN;NaN;NaN;NaN;NaN;NaN;NaN;NaN;NaN;NaN;
MBP64Y;12;0;0;0;NaN;NaN;NaN;NaN;NaN;NaN;NaN;NaN;NaN;NaN;NaN;NaN;
IDYYD2;10;2;2;3;1,5;1,5;-2;NaN;NaN;NaN;NaN;NaN;NaN;NaN;NaN;NaN;
KAEZWR;10;2;2;3;1,5;1,5;NaN;NaN;NaN;NaN;NaN;NaN;NaN;NaN;NaN;NaN;
SWX9O8;11;1;1;1,5;1,5;NaN;NaN;NaN;NaN;NaN;NaN;NaN;NaN;NaN;NaN;NaN;
NU0W6C;11;1;1;1,5;1,5;NaN;NaN;NaN;NaN;NaN;NaN;NaN;NaN;NaN;NaN;NaN;
ACRCPC;11;1;1;1,5;1,5;NaN;NaN;NaN;NaN;NaN;NaN;NaN;NaN;NaN;NaN;NaN;
J25IT7;12;0;0;0;-3;-3;-3;-3;-3;-3;-3;-3;-3;-3;-3;-3;
BPD1ED;11;1;1;1,5;1,5;NaN;NaN;NaN;NaN;NaN;NaN;NaN;NaN;NaN;NaN;NaN;
WM0362;11;1;1;1,5;1,5;NaN;NaN;NaN;NaN;NaN;NaN;NaN;NaN;NaN;NaN;NaN;
GNV37A;11;1;1;1,5;1,5;-2;NaN;NaN;NaN;NaN;NaN;NaN;NaN;NaN;NaN;NaN;
RB3Q0W;12;0;0;0;-3;-3;-3;-3;-3;-3;-3;-3;-3;-3;-3;-3;
CGO1BG;10;2;2;3;1,5;1,5;-2;NaN;NaN;NaN;NaN;NaN;NaN;NaN;NaN;NaN;
G9KDZE;10;2;2;3;1,5;1,5;NaN;NaN;NaN;NaN;NaN;NaN;NaN;NaN;NaN;NaN;
FWIMCN;10;2;2;3;1,5;1,5;NaN;NaN;NaN;NaN;NaN;NaN;NaN;NaN;NaN;NaN;
UZFK1E;10;2;2;3;1,5;1,5;NaN;NaN;NaN;NaN;NaN;NaN;NaN;NaN;NaN;NaN;
PS8RQQ;12;0;0;0;-3;-3;-3;-3;-3;-3;-3;-3;-3;-3;-3;-3;
MGM25M;12;0;0;0;-3;-3;-3;-3;-3;-3;-3;-3;-3;-3;-3;-3;
HDJ0TG;10;2;2;3;1,5;1,5;NaN;NaN;NaN;NaN;NaN;NaN;NaN;NaN;NaN;NaN;
L7WIBQ;11;1;1;1,5;1,5;NaN;NaN;NaN;NaN;NaN;NaN;NaN;NaN;NaN;NaN;NaN;
HW361G;12;0;0;0;-3;-3;-3;-3;-3;-3;-3;-3;-3;-3;-3;-3;
T93TW6;11;1;1;1,5;1,5;NaN;NaN;NaN;NaN;NaN;NaN;NaN;NaN;NaN;NaN;NaN;
F3JEVR;5;7;7;10,5;1,5;1,5;1,5;1,5;1,5;1,5;1,5;NaN;NaN;NaN;NaN;NaN;
V9YCSM;10;2;2;3;1,5;1,5;NaN;NaN;NaN;NaN;NaN;NaN;NaN;NaN;NaN;NaN;
F8VG1P;10;2;2;3;1,5;1,5;NaN;NaN;NaN;NaN;NaN;NaN;NaN;NaN;NaN;NaN;
EK4EHU;12;0;0;0;-3;-3;-3;-3;-3;-3;-3;-3;-3;-3;-3;-3;
GPCMM1;10;2;2;3;1,5;1,5;NaN;NaN;NaN;NaN;NaN;NaN;NaN;NaN;NaN;NaN;
BJCZCM;10;2;2;3;1,5;1,5;NaN;NaN;NaN;NaN;NaN;NaN;NaN;NaN;NaN;NaN;
OMSE54;10;2;2;3;1,5;1,5;NaN;NaN;NaN;NaN;NaN;NaN;NaN;NaN;NaN;NaN;
MPMTJO;10;2;2;3;1,5;1,5;NaN;NaN;NaN;NaN;NaN;NaN;NaN;NaN;NaN;NaN;
VMTCD5;11;1;1;1,5;1,5;NaN;NaN;NaN;NaN;NaN;NaN;NaN;NaN;NaN;NaN;NaN;
NZVJQX;9;3;3;4,5;1,5;1,5;1,5;NaN;NaN;NaN;NaN;NaN;NaN;NaN;NaN;NaN;
BEHLIY;10;2;2;3;1,5;1,5;-2;NaN;NaN;NaN;NaN;NaN;NaN;NaN;NaN;NaN;
GTZEKT;10;2;2;3;1,5;1,5;NaN;NaN;NaN;NaN;NaN;NaN;NaN;NaN;NaN;NaN;
SPS3FG;11;1;1;1,5;1,5;-2;NaN;NaN;NaN;NaN;NaN;NaN;NaN;NaN;NaN;NaN;
HJGVZR;10;2;2;3;1,5;1,5;NaN;NaN;NaN;NaN;NaN;NaN;NaN;NaN;NaN;NaN;
NUXIHJ;9;3;3;4,5;1,5;1,5;1,5;NaN;NaN;NaN;NaN;NaN;NaN;NaN;NaN;NaN;
XXWQMC;11;1;1;1,5;1,5;NaN;NaN;NaN;NaN;NaN;NaN;NaN;NaN;NaN;NaN;NaN;
SC7B1S;10;2;2;3;1,5;1,5;NaN;NaN;NaN;NaN;NaN;NaN;NaN;NaN;NaN;NaN;
Z9KNDM;12;0;0;0;NaN;NaN;NaN;NaN;NaN;NaN;NaN;NaN;NaN;NaN;NaN;NaN;
IUCYH3;10;2;2;3;1,5;1,5;NaN;NaN;NaN;NaN;NaN;NaN;NaN;NaN;NaN;NaN;
RVSYUN;11;1;1;1,5;1,5;NaN;NaN;NaN;NaN;NaN;NaN;NaN;NaN;NaN;NaN;NaN;
YVTLHV;10;2;2;3;1,5;1,5;NaN;NaN;NaN;NaN;NaN;NaN;NaN;NaN;NaN;NaN;
Q16GRO;10;2;2;3;1,5;1,5;NaN;NaN;NaN;NaN;NaN;NaN;NaN;NaN;NaN;NaN;
X443K6;12;0;0;0;-2;NaN;NaN;NaN;NaN;NaN;NaN;NaN;NaN;NaN;NaN;NaN;
XVC49C;12;0;0;0;-3;-3;-3;-3;-3;-3;-3;-3;-3;-3;-3;-3;
XSVKV3;10;2;2;3;1,5;1,5;NaN;NaN;NaN;NaN;NaN;NaN;NaN;NaN;NaN;NaN;
CG0A40;11;1;1;1,5;1,5;NaN;NaN;NaN;NaN;NaN;NaN;NaN;NaN;NaN;NaN;NaN;
KQU14Y;12;0;0;0;-3;-3;-3;-3;-3;-3;-3;-3;-3;-3;-3;-3;
H105LY;10;2;2;3;1,5;1,5;NaN;NaN;NaN;NaN;NaN;NaN;NaN;NaN;NaN;NaN;
CWE0UQ;11;1;1;1,5;1,5;NaN;NaN;NaN;NaN;NaN;NaN;NaN;NaN;NaN;NaN;NaN;
HEDD2F;10;2;2;3;1,5;1,5;NaN;NaN;NaN;NaN;NaN;NaN;NaN;NaN;NaN;NaN;
ORFEMQ;10;2;2;3;1,5;1,5;NaN;NaN;NaN;NaN;NaN;NaN;NaN;NaN;NaN;NaN;
Y40N39;10;2;2;3;1,5;1,5;NaN;NaN;NaN;NaN;NaN;NaN;NaN;NaN;NaN;NaN;
F7MSYN;11;1;1;1,5;1,5;NaN;NaN;NaN;NaN;NaN;NaN;NaN;NaN;NaN;NaN;NaN;
TJE6CE;12;0;0;0;-3;-3;-3;-3;-3;-3;-3;-3;-3;-3;-3;-3;
FVTV21;10;2;2;3;1,5;1,5;NaN;NaN;NaN;NaN;NaN;NaN;NaN;NaN;NaN;NaN;
J45HCZ;9;3;3;4,5;1,5;1,5;1,5;NaN;NaN;NaN;NaN;NaN;NaN;NaN;NaN;NaN;
AZ1SU2;10;2;2;3;1,5;1,5;NaN;NaN;NaN;NaN;NaN;NaN;NaN;NaN;NaN;NaN;
FSPRDA;12;0;0;0;NaN;NaN;NaN;NaN;NaN;NaN;NaN;NaN;NaN;NaN;NaN;NaN;
T7IP2A;11;1;1;1,5;1,5;NaN;NaN;NaN;NaN;NaN;NaN;NaN;NaN;NaN;NaN;NaN;
UE0W8A;9;3;3;4,5;1,5;1,5;1,5;NaN;NaN;NaN;NaN;NaN;NaN;NaN;NaN;NaN;
M4J74G;9;3;3;4,5;1,5;1,5;1,5;NaN;NaN;NaN;NaN;NaN;NaN;NaN;NaN;NaN;
CZ0M8S;12;0;0;0;-3;-3;-3;-3;-3;-3;-3;-3;-3;-3;-3;-3;
A8MVUR;10;2;2;3;1,5;1,5;NaN;NaN;NaN;NaN;NaN;NaN;NaN;NaN;NaN;NaN;
PI5502;10;2;2;3;1,5;1,5;NaN;NaN;NaN;NaN;NaN;NaN;NaN;NaN;NaN;NaN;
A3TH85;11;1;1;1,5;1,5;NaN;NaN;NaN;NaN;NaN;NaN;NaN;NaN;NaN;NaN;NaN;
TNVNMG;0;12;12;18;1,5;1,5;1,5;1,5;1,5;1,5;1,5;1,5;1,5;1,5;1,5;1,5;
FSXDG2;10;2;2;3;1,5;1,5;NaN;NaN;NaN;NaN;NaN;NaN;NaN;NaN;NaN;NaN;
J0YBWQ;12;0;0;0;-2;-2;-2;-2;-2;-2;-2;-2;-2;-2;-2;-2;
CLVK5J;11;1;1;1,5;1,5;NaN;NaN;NaN;NaN;NaN;NaN;NaN;NaN;NaN;NaN;NaN;
HRPHKI;10;2;2;3;1,5;1,5;NaN;NaN;NaN;NaN;NaN;NaN;NaN;NaN;NaN;NaN;
H2P5VN;10;2;2;3;1,5;1,5;NaN;NaN;NaN;NaN;NaN;NaN;NaN;NaN;NaN;NaN;
BOVP69;10;2;2;3;1,5;1,5;NaN;NaN;NaN;NaN;NaN;NaN;NaN;NaN;NaN;NaN;
M9AW4L;10;2;2;3;1,5;1,5;NaN;NaN;NaN;NaN;NaN;NaN;NaN;NaN;NaN;NaN;
ETQ4SP;11;1;1;1,5;1,5;NaN;NaN;NaN;NaN;NaN;NaN;NaN;NaN;NaN;NaN;NaN;
BKB2RB;12;0;0;0;NaN;NaN;NaN;NaN;NaN;NaN;NaN;NaN;NaN;NaN;NaN;NaN;
R9U7YC;11;1;1;1,5;1,5;NaN;NaN;NaN;NaN;NaN;NaN;NaN;NaN;NaN;NaN;NaN;
X3H7GU;12;0;0;0;-3;-3;-3;-3;-3;-3;-3;-3;-3;-3;-3;-3;
ADC1RL;10;2;2;3;1,5;1,5;NaN;NaN;NaN;NaN;NaN;NaN;NaN;NaN;NaN;NaN;
JDMXIK;12;0;0;0;-3;-3;-3;-3;-3;-3;-3;-3;-3;-3;-3;-3;
EM9IOT;10;2;2;3;1,5;1,5;NaN;NaN;NaN;NaN;NaN;NaN;NaN;NaN;NaN;NaN;
XLB6AI;10;2;2;3;1,5;1,5;NaN;NaN;NaN;NaN;NaN;NaN;NaN;NaN;NaN;NaN;
BPG8OQ;11;1;1;1,5;1,5;NaN;NaN;NaN;NaN;NaN;NaN;NaN;NaN;NaN;NaN;NaN;
ANKLXW;11;1;1;1,5;1,5;NaN;NaN;NaN;NaN;NaN;NaN;NaN;NaN;NaN;NaN;NaN;
BSZ4P6;11;1;1;1,5;1,5;NaN;NaN;NaN;NaN;NaN;NaN;NaN;NaN;NaN;NaN;NaN;
C2GYD9;12;0;0;0;-3;-3;-3;-3;-3;-3;-3;-3;-3;-3;-3;-3;
AX6T95;12;0;0;0;-2;NaN;NaN;NaN;NaN;NaN;NaN;NaN;NaN;NaN;NaN;NaN;
AA9NDR;11;1;1;1,5;1,5;NaN;NaN;NaN;NaN;NaN;NaN;NaN;NaN;NaN;NaN;NaN;
HQ21TL;6;6;6;9;1,5;1,5;1,5;1,5;1,5;1,5;-2;NaN;NaN;NaN;NaN;NaN;
ASM6X9;10;2;2;3;1,5;1,5;NaN;NaN;NaN;NaN;NaN;NaN;NaN;NaN;NaN;NaN;
NAI0MP;9;3;3;4,5;1,5;1,5;1,5;NaN;NaN;NaN;NaN;NaN;NaN;NaN;NaN;NaN;
TAMK69;10;2;2;3;1,5;1,5;NaN;NaN;NaN;NaN;NaN;NaN;NaN;NaN;NaN;NaN;
IICPLE;11;1;1;1,5;1,5;NaN;NaN;NaN;NaN;NaN;NaN;NaN;NaN;NaN;NaN;NaN;
CXV8C9;10;2;2;3;1,5;1,5;NaN;NaN;NaN;NaN;NaN;NaN;NaN;NaN;NaN;NaN;
CJ56UX;11;1;1;1,5;1,5;NaN;NaN;NaN;NaN;NaN;NaN;NaN;NaN;NaN;NaN;NaN;
G3IHF2;10;2;2;3;1,5;1,5;NaN;NaN;NaN;NaN;NaN;NaN;NaN;NaN;NaN;NaN;
B88L2M;11;1;1;1,5;1,5;-2;-2;-2;-2;-2;-2;-2;-2;-2;-2;-2;
SI60QK;12;0;0;0;-2;NaN;NaN;NaN;NaN;NaN;NaN;NaN;NaN;NaN;NaN;NaN;
DOFKFI;10;2;2;3;1,5;1,5;NaN;NaN;NaN;NaN;NaN;NaN;NaN;NaN;NaN;NaN;
RHVS0R;10;2;2;3;1,5;1,5;-2;NaN;NaN;NaN;NaN;NaN;NaN;NaN;NaN;NaN;
AOYY0H;11;1;1;1,5;1,5;NaN;NaN;NaN;NaN;NaN;NaN;NaN;NaN;NaN;NaN;NaN;
QFASYW;10;2;2;3;1,5;1,5;NaN;NaN;NaN;NaN;NaN;NaN;NaN;NaN;NaN;NaN;
PC2ZKQ;11;1;1;1,5;1,5;NaN;NaN;NaN;NaN;NaN;NaN;NaN;NaN;NaN;NaN;NaN;
BSJOR6;8;4;4;6;1,5;1,5;1,5;1,5;NaN;NaN;NaN;NaN;NaN;NaN;NaN;NaN;
LQIVY1;10;2;2;3;1,5;1,5;NaN;NaN;NaN;NaN;NaN;NaN;NaN;NaN;NaN;NaN;
HXGGVH;12;0;0;0;-3;-3;-3;-3;-3;-3;-3;-3;-3;-3;-3;-3;
YUZO8E;11;1;1;1,5;1,5;NaN;NaN;NaN;NaN;NaN;NaN;NaN;NaN;NaN;NaN;NaN;
